{
  "id": "Rolatro",
  "name": "Rolatro (A Roblox X Balatro Mod)",
  "author": [
    "PacmanRules225"
  ],
  "description": "This mod adds various aspects of the popular online game Roblox to Balatro, ranging from the modern, to the nostalgic, to the... controversial.\nAside from new Jokers, seals, and more, this mod also adds two new consumables called Gears and Experiences. Mod made with Joker Forge. Featured Experience credits are in GitHub page.",
  "prefix": "rolatro",
  "main_file": "main.lua",
  "version": "0.5.0",
  "priority": 0,
  "badge_colour": "FF0000",
  "badge_text_colour": "FFFFFF",
  "display_name": "Rolatro",
  "dependencies": [
    "Steamodded (>=1.0.0~BETA-0827c)",
    "Talisman"
  ]
}